"ID","PREFERRED","CREATED","LANG","MODIFIED","RELATION","SOURCE","TITLE","CONCEPT_FK"
"97104","TRUE",,"en","2008-12-17 20:54:28.0",,,"ARUBA","94879"
"97105","TRUE",,"en","2008-12-17 20:54:28.0",,,"ALAND ISLANDS","94880"
"97106","TRUE",,"en","2008-12-17 20:54:28.0",,,"AZERBAIJAN","94881"
"97107","TRUE",,"en","2008-12-17 20:54:28.0",,,"BOSNIA AND HERZEGOVINA","94882"
"97108","TRUE",,"en","2008-12-17 20:54:28.0",,,"BARBADOS","94883"
"97109","TRUE",,"en","2008-12-17 20:54:28.0",,,"BANGLADESH","94884"
"97110","TRUE",,"en","2008-12-17 20:54:28.0",,,"BELGIUM","94885"
"97111","TRUE",,"en","2008-12-17 20:54:28.0",,,"BURKINA FASO","94886"
"97112","TRUE",,"en","2008-12-17 20:54:28.0",,,"BULGARIA","94887"
"97113","TRUE",,"en","2008-12-17 20:54:28.0",,,"BAHRAIN","94888"
"97114","TRUE",,"en","2008-12-17 20:54:28.0",,,"BURUNDI","94889"
"97115","TRUE",,"en","2008-12-17 20:54:28.0",,,"BENIN","94890"
"97116","TRUE",,"en","2008-12-17 20:54:28.0",,,"SAINT BARTHELEMY","94891"
"97117","TRUE",,"en","2008-12-17 20:54:28.0",,,"BERMUDA","94892"
"97118","TRUE",,"en","2008-12-17 20:54:28.0",,,"BRUNEI DARUSSALAM","94893"
"97119","TRUE",,"en","2008-12-17 20:54:28.0",,,"BOLIVIA","94894"
"97120","TRUE",,"en","2008-12-17 20:54:28.0",,,"BRAZIL","94895"
"97121","TRUE",,"en","2008-12-17 20:54:28.0",,,"BAHAMAS","94896"
"97122","TRUE",,"en","2008-12-17 20:54:28.0",,,"BHUTAN","94897"
"97123","TRUE",,"en","2008-12-17 20:54:28.0",,,"BOUVET ISLAND","94898"
"97124","TRUE",,"en","2008-12-17 20:54:28.0",,,"BOTSWANA","94899"
"97125","TRUE",,"en","2008-12-17 20:54:28.0",,,"BELARUS","94900"
"97126","TRUE",,"en","2008-12-17 20:54:28.0",,,"BELIZE","94901"
"97127","TRUE",,"en","2008-12-17 20:54:28.0",,,"CANADA","94902"
"97128","TRUE",,"en","2008-12-17 20:54:28.0",,,"COCOS (KEELING) ISLANDS","94903"
"97129","TRUE",,"en","2008-12-17 20:54:28.0",,,"CONGO, THE DEMOCRATIC REPUBLIC OF THE","94904"
"97130","TRUE",,"en","2008-12-17 20:54:28.0",,,"CENTRAL AFRICAN REPUBLIC","94905"
"97131","TRUE",,"en","2008-12-17 20:54:28.0",,,"CONGO","94906"
"97132","TRUE",,"en","2008-12-17 20:54:28.0",,,"SWITZERLAND","94907"
"97133","TRUE",,"en","2008-12-17 20:54:28.0",,,"COTE D'IVOIRE","94908"
"97134","TRUE",,"en","2008-12-17 20:54:28.0",,,"COOK ISLANDS","94909"
"97135","TRUE",,"en","2008-12-17 20:54:28.0",,,"CHILE","94910"
"97136","TRUE",,"en","2008-12-17 20:54:28.0",,,"CAMEROON","94911"
"97137","TRUE",,"en","2008-12-17 20:54:28.0",,,"CHINA","94912"
"97138","TRUE",,"en","2008-12-17 20:54:28.0",,,"COLOMBIA","94913"
"97139","TRUE",,"en","2008-12-17 20:54:28.0",,,"COSTA RICA","94914"
"97140","TRUE",,"en","2008-12-17 20:54:28.0",,,"CUBA","94915"
"97141","TRUE",,"en","2008-12-17 20:54:28.0",,,"CAPE VERDE","94916"
"97142","TRUE",,"en","2008-12-17 20:54:28.0",,,"CHRISTMAS ISLAND","94917"
"97143","TRUE",,"en","2008-12-17 20:54:28.0",,,"CYPRUS","94918"
"97144","TRUE",,"en","2008-12-17 20:54:28.0",,,"CZECH REPUBLIC","94919"
"97145","TRUE",,"en","2008-12-17 20:54:28.0",,,"GERMANY","94920"
"97146","TRUE",,"en","2008-12-17 20:54:28.0",,,"DJIBOUTI","94921"
"97147","TRUE",,"en","2008-12-17 20:54:28.0",,,"DENMARK","94922"
"97148","TRUE",,"en","2008-12-17 20:54:28.0",,,"DOMINICA","94923"
"97149","TRUE",,"en","2008-12-17 20:54:28.0",,,"DOMINICAN REPUBLIC","94924"
"97150","TRUE",,"en","2008-12-17 20:54:28.0",,,"ALGERIA","94925"
"97151","TRUE",,"en","2008-12-17 20:54:28.0",,,"ECUADOR","94926"
"97152","TRUE",,"en","2008-12-17 20:54:28.0",,,"ESTONIA","94927"
"97153","TRUE",,"en","2008-12-17 20:54:28.0",,,"EGYPT","94928"
"97154","TRUE",,"en","2008-12-17 20:54:28.0",,,"WESTERN SAHARA","94929"
"97155","TRUE",,"en","2008-12-17 20:54:28.0",,,"ERITREA","94930"
"97156","TRUE",,"en","2008-12-17 20:54:28.0",,,"SPAIN","94931"
"97157","TRUE",,"en","2008-12-17 20:54:28.0",,,"ETHIOPIA","94932"
"97158","TRUE",,"en","2008-12-17 20:54:28.0",,,"FINLAND","94933"
"97159","TRUE",,"en","2008-12-17 20:54:28.0",,,"FIJI","94934"
"97160","TRUE",,"en","2008-12-17 20:54:28.0",,,"FALKLAND ISLANDS (MALVINAS)","94935"
"97161","TRUE",,"en","2008-12-17 20:54:28.0",,,"MICRONESIA, FEDERATED STATES OF","94936"
"97162","TRUE",,"en","2008-12-17 20:54:28.0",,,"FAROE ISLANDS","94937"
"97163","TRUE",,"en","2008-12-17 20:54:28.0",,,"FRANCE","94938"
"97164","TRUE",,"en","2008-12-17 20:54:28.0",,,"GABON","94939"
"97165","TRUE",,"en","2008-12-17 20:54:28.0",,,"UNITED KINGDOM","94940"
"97166","TRUE",,"en","2008-12-17 20:54:28.0",,,"GRENADA","94941"
"97167","TRUE",,"en","2008-12-17 20:54:28.0",,,"GEORGIA","94942"
"97168","TRUE",,"en","2008-12-17 20:54:28.0",,,"FRENCH GUIANA","94943"
"97169","TRUE",,"en","2008-12-17 20:54:28.0",,,"GUERNSEY","94944"
"97170","TRUE",,"en","2008-12-17 20:54:28.0",,,"GHANA","94945"
"97171","TRUE",,"en","2008-12-17 20:54:28.0",,,"GIBRALTAR","94946"
"97172","TRUE",,"en","2008-12-17 20:54:28.0",,,"GREENLAND","94947"
"97173","TRUE",,"en","2008-12-17 20:54:28.0",,,"GAMBIA","94948"
"97174","TRUE",,"en","2008-12-17 20:54:28.0",,,"GUINEA","94949"
"97175","TRUE",,"en","2008-12-17 20:54:28.0",,,"GUADELOUPE","94950"
"97176","TRUE",,"en","2008-12-17 20:54:28.0",,,"EQUATORIAL GUINEA","94951"
"97177","TRUE",,"en","2008-12-17 20:54:28.0",,,"GREECE","94952"
"97178","TRUE",,"en","2008-12-17 20:54:28.0",,,"SOUTH GEORGIA AND THE SOUTH SANDWICH ISLANDS","94953"
"97179","TRUE",,"en","2008-12-17 20:54:28.0",,,"GUATEMALA","94954"
"97180","TRUE",,"en","2008-12-17 20:54:28.0",,,"GUAM","94955"
"97181","TRUE",,"en","2008-12-17 20:54:28.0",,,"GUINEA-BISSAU","94956"
"97182","TRUE",,"en","2008-12-17 20:54:28.0",,,"GUYANA","94957"
"97183","TRUE",,"en","2008-12-17 20:54:28.0",,,"HONG KONG","94958"
"97184","TRUE",,"en","2008-12-17 20:54:28.0",,,"HEARD ISLAND AND MCDONALD ISLANDS","94959"
"97185","TRUE",,"en","2008-12-17 20:54:28.0",,,"HONDURAS","94960"
"97186","TRUE",,"en","2008-12-17 20:54:28.0",,,"CROATIA","94961"
"97187","TRUE",,"en","2008-12-17 20:54:28.0",,,"HAITI","94962"
"97188","TRUE",,"en","2008-12-17 20:54:28.0",,,"HUNGARY","94963"
"97189","TRUE",,"en","2008-12-17 20:54:28.0",,,"INDONESIA","94964"
"97190","TRUE",,"en","2008-12-17 20:54:28.0",,,"IRELAND","94965"
"97191","TRUE",,"en","2008-12-17 20:54:28.0",,,"ISRAEL","94966"
"97192","TRUE",,"en","2008-12-17 20:54:28.0",,,"ISLE OF MAN","94967"
"97193","TRUE",,"en","2008-12-17 20:54:28.0",,,"INDIA","94968"
"97194","TRUE",,"en","2008-12-17 20:54:28.0",,,"BRITISH INDIAN OCEAN TERRITORY","94969"
"97195","TRUE",,"en","2008-12-17 20:54:28.0",,,"IRAQ","94970"
"97196","TRUE",,"en","2008-12-17 20:54:28.0",,,"IRAN (ISLAMIC REPUBLIC OF)","94971"
"97197","TRUE",,"en","2008-12-17 20:54:28.0",,,"ICELAND","94972"
"97198","TRUE",,"en","2008-12-17 20:54:28.0",,,"ITALY","94973"
"97199","TRUE",,"en","2008-12-17 20:54:28.0",,,"JERSEY","94974"
"97200","TRUE",,"en","2008-12-17 20:54:28.0",,,"JAMAICA","94975"
"97201","TRUE",,"en","2008-12-17 20:54:28.0",,,"JORDAN","94976"
"97202","TRUE",,"en","2008-12-17 20:54:28.0",,,"JAPAN","94977"
"97203","TRUE",,"en","2008-12-17 20:54:28.0",,,"KENYA","94978"
"97204","TRUE",,"en","2008-12-17 20:54:28.0",,,"KYRGYZSTAN","94979"
"97205","TRUE",,"en","2008-12-17 20:54:28.0",,,"CAMBODIA","94980"
"97206","TRUE",,"en","2008-12-17 20:54:28.0",,,"KIRIBATI","94981"
"97207","TRUE",,"en","2008-12-17 20:54:28.0",,,"COMOROS","94982"
"97208","TRUE",,"en","2008-12-17 20:54:28.0",,,"SAINT KITTS AND NEVIS","94983"
"97209","TRUE",,"en","2008-12-17 20:54:28.0",,,"KOREA, DEMOCRATIC PEOPLE'S REPUBLIC OF","94984"
"97210","TRUE",,"en","2008-12-17 20:54:28.0",,,"KOREA, REPUBLIC OF","94985"
"97211","TRUE",,"en","2008-12-17 20:54:28.0",,,"KUWAIT","94986"
"97212","TRUE",,"en","2008-12-17 20:54:28.0",,,"CAYMAN ISLANDS","94987"
"97213","TRUE",,"en","2008-12-17 20:54:28.0",,,"KAZAKHSTAN","94988"
"97214","TRUE",,"en","2008-12-17 20:54:28.0",,,"LAO PEOPLE'S DEMOCRATIC REPUBLIC","94989"
"97215","TRUE",,"en","2008-12-17 20:54:28.0",,,"LEBANON","94990"
"97216","TRUE",,"en","2008-12-17 20:54:28.0",,,"SAINT LUCIA","94991"
"97217","TRUE",,"en","2008-12-17 20:54:28.0",,,"LIECHTENSTEIN","94992"
"97218","TRUE",,"en","2008-12-17 20:54:28.0",,,"SRI LANKA","94993"
"97219","TRUE",,"en","2008-12-17 20:54:28.0",,,"LIBERIA","94994"
"97220","TRUE",,"en","2008-12-17 20:54:28.0",,,"LESOTHO","94995"
"97221","TRUE",,"en","2008-12-17 20:54:28.0",,,"LITHUANIA","94996"
"97222","TRUE",,"en","2008-12-17 20:54:28.0",,,"LUXEMBOURG","94997"
"97223","TRUE",,"en","2008-12-17 20:54:28.0",,,"LATVIA","94998"
"97224","TRUE",,"en","2008-12-17 20:54:28.0",,,"LIBYAN ARAB JAMAHIRIYA","94999"
"97225","TRUE",,"en","2008-12-17 20:54:28.0",,,"MOROCCO","95000"
"97226","TRUE",,"en","2008-12-17 20:54:28.0",,,"MONACO","95001"
"97227","TRUE",,"en","2008-12-17 20:54:28.0",,,"MOLDOVA, REPUBLIC OF","95002"
"97228","TRUE",,"en","2008-12-17 20:54:28.0",,,"MONTENEGRO","95003"
"97229","TRUE",,"en","2008-12-17 20:54:28.0",,,"MADAGASCAR","95004"
"97230","TRUE",,"en","2008-12-17 20:54:28.0",,,"MARSHALL ISLANDS","95005"
"97231","TRUE",,"en","2008-12-17 20:54:28.0",,,"MACEDONIA, THE FORMER YUGOSLAV REPUBLIC OF","95006"
"97232","TRUE",,"en","2008-12-17 20:54:28.0",,,"MALI","95007"
"97233","TRUE",,"en","2008-12-17 20:54:28.0",,,"MYANMAR","95008"
"97234","TRUE",,"en","2008-12-17 20:54:28.0",,,"MONGOLIA","95009"
"97235","TRUE",,"en","2008-12-17 20:54:28.0",,,"MACAO","95010"
"97236","TRUE",,"en","2008-12-17 20:54:28.0",,,"NORTHERN MARIANA ISLANDS","95011"
"97237","TRUE",,"en","2008-12-17 20:54:28.0",,,"MARTINIQUE","95012"
"97238","TRUE",,"en","2008-12-17 20:54:28.0",,,"MAURITANIA","95013"
"97239","TRUE",,"en","2008-12-17 20:54:28.0",,,"MONTSERRAT","95014"
"97240","TRUE",,"en","2008-12-17 20:54:28.0",,,"MALTA","95015"
"97241","TRUE",,"en","2008-12-17 20:54:28.0",,,"MAURITIUS","95016"
"97242","TRUE",,"en","2008-12-17 20:54:28.0",,,"MALDIVES","95017"
"97243","TRUE",,"en","2008-12-17 20:54:28.0",,,"MALAWI","95018"
"97244","TRUE",,"en","2008-12-17 20:54:28.0",,,"MEXICO","95019"
"97245","TRUE",,"en","2008-12-17 20:54:28.0",,,"MALAYSIA","95020"
"97246","TRUE",,"en","2008-12-17 20:54:28.0",,,"MOZAMBIQUE","95021"
"97247","TRUE",,"en","2008-12-17 20:54:28.0",,,"NAMIBIA","95022"
"97248","TRUE",,"en","2008-12-17 20:54:28.0",,,"NEW CALEDONIA","95023"
"97249","TRUE",,"en","2008-12-17 20:54:28.0",,,"NIGER","95024"
"97250","TRUE",,"en","2008-12-17 20:54:28.0",,,"NORFOLK ISLAND","95025"
"97251","TRUE",,"en","2008-12-17 20:54:28.0",,,"NIGERIA","95026"
"97252","TRUE",,"en","2008-12-17 20:54:28.0",,,"NICARAGUA","95027"
"97253","TRUE",,"en","2008-12-17 20:54:28.0",,,"NETHERLANDS","95028"
"97254","TRUE",,"en","2008-12-17 20:54:28.0",,,"NORWAY","95029"
"97255","TRUE",,"en","2008-12-17 20:54:28.0",,,"NEPAL","95030"
"97256","TRUE",,"en","2008-12-17 20:54:28.0",,,"NAURU","95031"
"97257","TRUE",,"en","2008-12-17 20:54:28.0",,,"NIUE","95032"
"97258","TRUE",,"en","2008-12-17 20:54:28.0",,,"NEW ZEALAND","95033"
"97259","TRUE",,"en","2008-12-17 20:54:28.0",,,"OMAN","95034"
"97260","TRUE",,"en","2008-12-17 20:54:28.0",,,"PANAMA","95035"
"97261","TRUE",,"en","2008-12-17 20:54:28.0",,,"PERU","95036"
"97262","TRUE",,"en","2008-12-17 20:54:28.0",,,"FRENCH POLYNESIA","95037"
"97263","TRUE",,"en","2008-12-17 20:54:28.0",,,"PAPUA NEW GUINEA","95038"
"97264","TRUE",,"en","2008-12-17 20:54:28.0",,,"PHILIPPINES","95039"
"97265","TRUE",,"en","2008-12-17 20:54:28.0",,,"PAKISTAN","95040"
"97266","TRUE",,"en","2008-12-17 20:54:28.0",,,"POLAND","95041"
"97267","TRUE",,"en","2008-12-17 20:54:28.0",,,"SAINT PIERRE AND MIQUELON","95042"
"97268","TRUE",,"en","2008-12-17 20:54:28.0",,,"PITCAIRN","95043"
"97269","TRUE",,"en","2008-12-17 20:54:28.0",,,"PUERTO RICO","95044"
"97270","TRUE",,"en","2008-12-17 20:54:28.0",,,"PALESTINIAN TERRITORY, OCCUPIED","95045"
"97271","TRUE",,"en","2008-12-17 20:54:28.0",,,"PORTUGAL","95046"
"97272","TRUE",,"en","2008-12-17 20:54:28.0",,,"PALAU","95047"
"97273","TRUE",,"en","2008-12-17 20:54:28.0",,,"PARAGUAY","95048"
"97274","TRUE",,"en","2008-12-17 20:54:28.0",,,"QATAR","95049"
"97275","TRUE",,"en","2008-12-17 20:54:28.0",,,"REUNION","95050"
"97276","TRUE",,"en","2008-12-17 20:54:28.0",,,"ROMANIA","95051"
"97277","TRUE",,"en","2008-12-17 20:54:28.0",,,"SERBIA","95052"
"97278","TRUE",,"en","2008-12-17 20:54:28.0",,,"RUSSIAN FEDERATION","95053"
"97279","TRUE",,"en","2008-12-17 20:54:28.0",,,"RWANDA","95054"
"97280","TRUE",,"en","2008-12-17 20:54:28.0",,,"SAUDI ARABIA","95055"
"97281","TRUE",,"en","2008-12-17 20:54:28.0",,,"SOLOMON ISLANDS","95056"
"97282","TRUE",,"en","2008-12-17 20:54:28.0",,,"SEYCHELLES","95057"
"97283","TRUE",,"en","2008-12-17 20:54:28.0",,,"SUDAN","95058"
"97284","TRUE",,"en","2008-12-17 20:54:28.0",,,"SWEDEN","95059"
"97285","TRUE",,"en","2008-12-17 20:54:28.0",,,"SINGAPORE","95060"
"97286","TRUE",,"en","2008-12-17 20:54:28.0",,,"SAINT HELENA","95061"
"97287","TRUE",,"en","2008-12-17 20:54:28.0",,,"SLOVENIA","95062"
"97352","TRUE",,"en","2008-10-12 23:44:56.0",,,"division","95127"
"97353","TRUE",,"en","2008-10-12 23:44:53.0",,,"class","95128"
"97354","TRUE",,"en","2008-10-12 23:44:53.0",,,"subclass","95129"
"97355","TRUE",,"en","2008-10-12 23:44:54.0",,,"order","95130"
"97356","TRUE",,"en","2008-10-12 23:44:55.0",,,"family","95131"
"97357","TRUE",,"en","2008-10-12 23:44:55.0",,,"genus","95132"
"97358","TRUE",,"en","2008-10-12 23:44:55.0",,,"subgenus","95133"
"97359","TRUE",,"en","2008-10-12 23:44:55.0",,,"tribe","95134"
"97360","TRUE",,"en","2008-10-12 23:44:56.0",,,"species","95135"
"97361","TRUE",,"en","2008-10-12 23:44:56.0",,,"aggregate","95136"
"97362","TRUE",,"en","2008-10-12 23:44:56.0",,,"subspecies","95137"
"97363","TRUE",,"en","2008-10-12 23:44:56.0",,,"variety","95138"
"97364","TRUE",,"en","2008-10-12 23:44:56.0",,,"cultivar","95139"
"97365","TRUE",,"en","2008-10-12 23:44:55.0",,,"gigafamily","95140"
"97366","TRUE",,"en","2008-10-12 23:44:55.0",,,"microorder","95141"
"97367","TRUE",,"en","2008-10-12 23:44:55.0",,,"parvorder","95142"
"97368","TRUE",,"en","2008-10-12 23:44:54.0",,,"nanorder","95143"
"97369","TRUE",,"en","2008-10-12 23:44:54.0",,,"suborder","95144"
"97370","TRUE",,"en","2008-10-12 23:44:54.0",,,"minorder","95145"
"97371","TRUE",,"en","2008-10-12 23:44:54.0",,,"hypoorder","95146"
"97372","TRUE",,"en","2008-10-12 23:44:55.0",,,"hyperfamily","95147"
"97373","TRUE",,"en","2008-10-12 23:44:55.0",,,"infraorder","95148"
"97374","TRUE",,"en","2008-10-12 23:44:55.0",,,"superfamily","95149"
"97375","TRUE",,"en","2008-10-12 23:44:55.0",,,"infratribe","95150"
"97376","TRUE",,"en","2008-10-12 23:44:55.0",,,"family group","95151"
"97377","TRUE",,"en","2008-10-12 23:44:55.0",,,"genus group","95152"
"97378","TRUE",,"en","2008-10-12 23:44:55.0",,,"supergenus","95153"
"97379","TRUE",,"en","2008-10-12 23:44:54.0",,,"mirorder","95154"
"97380","TRUE",,"en","2008-10-12 23:44:55.0",,,"subtribe","95155"
"97381","TRUE",,"en","2008-10-12 23:44:55.0",,,"subfamily","95156"
"97382","TRUE",,"en","2008-10-12 23:44:55.0",,,"supertribe","95157"
"97383","TRUE",,"en","2008-10-12 23:44:55.0",,,"infrafamily","95158"
"97384","TRUE",,"en","2008-10-12 23:44:55.0",,,"epifamily","95159"
"97385","TRUE",,"en","2008-10-12 23:44:55.0",,,"subfamily group","95160"
"97386","TRUE",,"en","2008-10-12 23:44:52.0",,,"domain","95161"
"97387","TRUE",,"en","2008-10-12 23:44:54.0",,,"subseries","95162"
"97388","TRUE",,"en","2008-10-12 23:44:56.0",,,"series","95163"
"97389","TRUE",,"en","2008-10-12 23:44:54.0",,,"superorder","95164"
"97390","TRUE",,"en","2008-10-12 23:44:56.0",,,"subdivision","95165"
"97391","TRUE",,"en","2008-10-12 23:44:56.0",,,"superdivision","95166"
"97392","TRUE",,"en","2008-10-12 23:44:56.0",,,"morph","95167"
"97393","TRUE",,"en","2008-10-12 23:44:56.0",,,"race","95168"
"97394","TRUE",,"en","2008-10-12 23:44:56.0",,,"near","95169"
"97395","TRUE",,"en","2008-10-12 23:44:56.0",,,"superform","95170"
"97396","TRUE",,"en","2008-10-12 23:44:54.0",,,"grandorder","95171"
"97397","TRUE",,"en","2008-10-12 23:44:56.0",,,"infraform","95172"
"97398","TRUE",,"en","2008-10-12 23:44:55.0",,,"infragenus","95173"
"97399","TRUE",,"en","2008-10-12 23:44:56.0",,,"incertae sedie","95174"
"97400","TRUE",,"en","2008-10-12 23:44:57.0",,,"Bio-Variety","95175"
"97401","TRUE",,"en","2008-10-12 23:44:56.0",,,"mutant","95176"
"97402","TRUE",,"en","2008-10-12 23:44:57.0",,,"serovar","95177"
"97403","TRUE",,"en","2008-10-12 23:44:55.0",,,"infraseries","95178"
"97404","TRUE",,"en","2008-10-12 23:44:55.0",,,"superseries","95179"
"97405","TRUE",,"en","2008-10-12 23:44:57.0",,,"sub sub variety","95180"
"97406","TRUE",,"en","2008-10-12 23:44:57.0",,,"morphovar","95181"
"97407","TRUE",,"en","2008-10-12 23:44:57.0",,,"Patho-variety","95182"
"97408","TRUE",,"en","2008-10-12 23:44:57.0",,,"Infraspecific Taxon","95183"
"97409","TRUE",,"en","2008-10-12 23:44:57.0",,,"Species Aggregate","95184"
"97410","TRUE",,"en","2008-10-12 23:44:57.0",,,"InfragenericTaxon","95185"
"97411","TRUE",,"en","2008-10-12 23:44:57.0",,,"DenominationClass","95186"
"97412","TRUE",,"en","2008-10-12 23:44:57.0",,,"Grex","95187"
"97413","TRUE",,"en","2008-10-12 23:44:57.0",,,"Graft-chimaera","95188"
"97414","TRUE",,"en","2008-10-12 23:44:57.0",,,"Special Form","95189"
"97415","TRUE",,"en","2008-10-12 23:44:57.0",,,"infraspecies","95190"
"97416","TRUE",,"en","2008-10-12 23:44:55.0",,,"supersection","95191"
"97417","TRUE",,"en","2008-10-12 23:44:53.0",,,"legion","95192"
"97418","TRUE",,"en","2008-10-12 23:44:55.0",,,"infrasection","95193"
"97419","TRUE",,"en","2008-10-12 23:44:53.0",,,"infraclass","95194"
"97420","TRUE",,"en","2008-10-12 23:44:53.0",,,"grade","95195"
"97421","TRUE",,"en","2008-10-12 23:44:53.0",,,"superclass","95196"
"97422","TRUE",,"en","2008-10-12 23:44:53.0",,,"microphylum","95197"
"97423","TRUE",,"en","2008-10-12 23:44:53.0",,,"subphylum","95198"
"97424","TRUE",,"en","2008-10-12 23:44:53.0",,,"parvclass","95199"
"97425","TRUE",,"en","2008-10-12 23:44:52.0",,,"midphylum","95200"
"97426","TRUE",,"en","2008-10-12 23:44:52.0",,,"branch","95201"
"97427","TRUE",,"en","2008-10-12 23:44:52.0",,,"superphylum","95202"
"97428","TRUE",,"en","2008-10-12 23:44:53.0",,,"infraphylum","95203"
"97429","TRUE",,"en","2008-10-12 23:44:53.0",,,"section","95204"
"97430","TRUE",,"en","2008-10-12 23:44:52.0",,,"supraphylum","95205"
"97431","TRUE",,"en","2008-10-12 23:44:53.0",,,"subgroup","95206"
"97432","TRUE",,"en","2008-10-12 23:44:54.0",,,"hyperorder","95207"
"97433","TRUE",,"en","2008-10-12 23:44:54.0",,,"capaxorder","95208"
"97434","TRUE",,"en","2008-10-12 23:44:54.0",,,"megaorder","95209"
"97435","TRUE",,"en","2008-10-12 23:44:54.0",,,"gigaorder","95210"
"97436","TRUE",,"en","2008-10-12 23:44:54.0",,,"infracohort","95211"
"97437","TRUE",,"en","2008-10-12 23:44:54.0",,,"subcohort","95212"
"97438","TRUE",,"en","2008-10-12 23:44:54.0",,,"infralegion","95213"
"97439","TRUE",,"en","2008-10-12 23:44:54.0",,,"supercohort","95214"
"97440","TRUE",,"en","2008-10-12 23:44:53.0",,,"group","95215"
"97441","TRUE",,"en","2008-10-12 23:44:53.0",,,"sublegion","95216"
"97442","TRUE",,"en","2008-10-12 23:44:56.0",,,"cultivar group","95217"
"97443","TRUE",,"en","2008-10-12 23:44:53.0",,,"superlegion","95218"
"97444","TRUE",,"en","2008-10-12 23:44:54.0",,,"cohort","95219"
"97445","TRUE",,"en","2008-10-12 23:44:52.0",,,"infrakingdom","95220"
"97446","TRUE",,"en","2008-10-12 23:44:56.0",,,"monster","95221"
"97447","TRUE",,"en","2008-10-12 23:44:52.0",,,"subkingdom","95222"
"97448","TRUE",,"en","2008-10-12 23:44:52.0",,,"Subform","95223"
"97449","TRUE",,"en","2008-10-12 23:44:57.0",,,"Prole","95224"
"97450","TRUE",,"en","2008-10-12 23:44:57.0",,,"Suprageneric Taxon","95225"
"97451","TRUE",,"en","2008-10-12 23:44:56.0",,,"subvariety","95226"
"97452","TRUE",,"en","2008-10-12 23:44:52.0",,,"UnCatalogued ranks","95227"
"97453","TRUE",,"en","2008-10-12 23:44:56.0",,,"convar","95228"
"97454","TRUE",,"en","2008-10-12 23:44:56.0",,,"strain","95229"
"97455","TRUE",,"en","2008-10-12 23:44:56.0",,,"supervariety","95230"
"97456","TRUE",,"en","2008-10-12 23:44:55.0",,,"subsection","95231"
"97457","TRUE",,"en","2008-10-12 23:44:56.0",,,"hybrid","95232"
"97458","TRUE",,"en","2008-10-12 23:44:56.0",,,"species group","95233"
"97459","TRUE",,"en","2008-10-12 23:44:56.0",,,"complex","95234"
"97460","TRUE",,"en","2008-10-12 23:44:56.0",,,"superspecies","95235"
"97461","TRUE",,"en","2008-10-12 23:44:57.0",,,"Candidate","95236"
"97462","TRUE",,"en","2008-10-12 23:44:52.0",,,"interkingdom","95237"
"97463","TRUE",,"en","2008-10-12 23:44:52.0",,,"superdomain","95238"
"97464","TRUE",,"en","2008-10-12 23:44:56.0",,,"microspecies","95239"
"97465","TRUE",,"en","2008-10-12 23:44:56.0",,,"infravariety","95240"
"97466","TRUE",,"en","2008-10-12 23:44:52.0",,,"midkingdom","95241"
"97467","TRUE",,"en","2008-10-12 23:44:52.0",,,"suprakingdom","95242"
"97468","TRUE",,"en","2008-10-12 23:44:52.0",,,"superkingdom","95243"
"97469","TRUE",,"en","2008-10-12 23:44:52.0",,,"infradomain","95244"
"97470","TRUE",,"en","2008-10-12 23:44:52.0",,,"subdomain","95245"
"97471","TRUE",,"en","2008-10-12 23:44:52.0",,,"empire","95246"
"97472","TRUE",,"en","2008-10-12 23:44:54.0",,,"magnorder","95247"
"97473","TRUE",,"en","2008-10-12 23:44:55.0",,,"megafamily","95248"
"97474","TRUE",,"en","2008-10-12 23:44:55.0",,,"grandfamily","95249"
"97475","TRUE",,"en","2008-10-12 23:44:56.0",,,"form","95250"
"97476","TRUE",,"en","2008-12-17 20:55:56.0",,,"Afar","95251"
"97477","TRUE",,"en","2008-12-17 20:55:56.0",,,"Abkhazian","95252"
"97478","TRUE",,"en","2008-12-17 20:55:56.0",,,"Avestan","95253"
"97479","TRUE",,"en","2008-12-17 20:55:56.0",,,"Afrikaans","95254"
"97480","TRUE",,"en","2008-12-17 20:55:56.0",,,"Akan","95255"
"97481","TRUE",,"en","2008-12-17 20:55:56.0",,,"Amharic","95256"
"97482","TRUE",,"en","2008-12-17 20:55:56.0",,,"Aragonese","95257"
"97483","TRUE",,"en","2008-12-17 20:55:56.0",,,"Arabic","95258"
"97484","TRUE",,"en","2008-12-17 20:55:56.0",,,"Assamese","95259"
"97485","TRUE",,"en","2008-12-17 20:55:56.0",,,"Avaric","95260"
"97486","TRUE",,"en","2008-12-17 20:55:56.0",,,"Aymara","95261"
"97487","TRUE",,"en","2008-12-17 20:55:56.0",,,"Azerbaijani","95262"
"97488","TRUE",,"en","2008-12-17 20:55:56.0",,,"Bashkir","95263"
"97489","TRUE",,"en","2008-12-17 20:55:56.0",,,"Belarusian","95264"
"97490","TRUE",,"en","2008-12-17 20:55:56.0",,,"Bulgarian","95265"
"97491","TRUE",,"en","2008-12-17 20:55:56.0",,,"Bislama","95266"
"97492","TRUE",,"en","2008-12-17 20:55:56.0",,,"Bambara","95267"
"97493","TRUE",,"en","2008-12-17 20:55:56.0",,,"Bengali","95268"
"97494","TRUE",,"en","2008-12-17 20:55:56.0",,,"Tibetan","95269"
"97495","TRUE",,"en","2008-12-17 20:55:56.0",,,"Breton","95270"
"97496","TRUE",,"en","2008-12-17 20:55:56.0",,,"Bosnian","95271"
"97497","TRUE",,"en","2008-12-17 20:55:56.0",,,"Catalan","95272"
"97498","TRUE",,"en","2008-12-17 20:55:56.0",,,"Chechen","95273"
"97499","TRUE",,"en","2008-12-17 20:55:56.0",,,"Chamorro","95274"
"97500","TRUE",,"en","2008-12-17 20:55:56.0",,,"Corsican","95275"
"97501","TRUE",,"en","2008-12-17 20:55:56.0",,,"Cree","95276"
"97502","TRUE",,"en","2008-12-17 20:55:56.0",,,"Czech","95277"
"97503","TRUE",,"en","2008-12-17 20:55:56.0",,,"Church Slavic","95278"
"97504","TRUE",,"en","2008-12-17 20:55:56.0",,,"Chuvash","95279"
"97505","TRUE",,"en","2008-12-17 20:55:56.0",,,"Welsh","95280"
"97506","TRUE",,"en","2008-12-17 20:55:56.0",,,"Danish","95281"
"97507","TRUE",,"en","2008-12-17 20:55:56.0",,,"German","95282"
"97508","TRUE",,"en","2008-12-17 20:55:56.0",,,"Dhivehi","95283"
"97509","TRUE",,"en","2008-12-17 20:55:56.0",,,"Dzongkha","95284"
"97510","TRUE",,"en","2008-12-17 20:55:56.0",,,"Ewe","95285"
"97511","TRUE",,"en","2008-12-17 20:55:56.0",,,"Modern Greek (1453-)","95286"
"97512","TRUE",,"en","2008-12-17 20:55:56.0",,,"English","95287"
"97513","TRUE",,"en","2008-12-17 20:55:56.0",,,"Esperanto","95288"
"97514","TRUE",,"en","2008-12-17 20:55:56.0",,,"Spanish","95289"
"97515","TRUE",,"en","2008-12-17 20:55:56.0",,,"Estonian","95290"
"97516","TRUE",,"en","2008-12-17 20:55:56.0",,,"Basque","95291"
"97517","TRUE",,"en","2008-12-17 20:55:56.0",,,"Persian","95292"
"97518","TRUE",,"en","2008-12-17 20:55:56.0",,,"Fulah","95293"
"97519","TRUE",,"en","2008-12-17 20:55:56.0",,,"Finnish","95294"
"97520","TRUE",,"en","2008-12-17 20:55:56.0",,,"Fijian","95295"
"97521","TRUE",,"en","2008-12-17 20:55:56.0",,,"Faroese","95296"
"97522","TRUE",,"en","2008-12-17 20:55:56.0",,,"French","95297"
"97523","TRUE",,"en","2008-12-17 20:55:56.0",,,"Western Frisian","95298"
"97524","TRUE",,"en","2008-12-17 20:55:56.0",,,"Irish","95299"
"97525","TRUE",,"en","2008-12-17 20:55:56.0",,,"Scottish Gaelic","95300"
"97526","TRUE",,"en","2008-12-17 20:55:56.0",,,"Galician","95301"
"97527","TRUE",,"en","2008-12-17 20:55:56.0",,,"Guarani","95302"
"97528","TRUE",,"en","2008-12-17 20:55:56.0",,,"Gujarati","95303"
"97529","TRUE",,"en","2008-12-17 20:55:56.0",,,"Manx","95304"
"97530","TRUE",,"en","2008-12-17 20:55:56.0",,,"Hausa","95305"
"97531","TRUE",,"en","2008-12-17 20:55:56.0",,,"Hebrew","95306"
"97532","TRUE",,"en","2008-12-17 20:55:56.0",,,"Hindi","95307"
"97533","TRUE",,"en","2008-12-17 20:55:56.0",,,"Hiri Motu","95308"
"97534","TRUE",,"en","2008-12-17 20:55:56.0",,,"Croatian","95309"
"97535","TRUE",,"en","2008-12-17 20:55:56.0",,,"Haitian","95310"
"97536","TRUE",,"en","2008-12-17 20:55:56.0",,,"Hungarian","95311"
"97537","TRUE",,"en","2008-12-17 20:55:56.0",,,"Armenian","95312"
"97538","TRUE",,"en","2008-12-17 20:55:56.0",,,"Herero","95313"
"97539","TRUE",,"en","2008-12-17 20:55:56.0",,,"Interlingua","95314"
"97540","TRUE",,"en","2008-12-17 20:55:56.0",,,"Indonesian","95315"
"97541","TRUE",,"en","2008-12-17 20:55:56.0",,,"Interlingue","95316"
"97542","TRUE",,"en","2008-12-17 20:55:56.0",,,"Igbo","95317"
"97543","TRUE",,"en","2008-12-17 20:55:56.0",,,"Sichuan Yi","95318"
"97544","TRUE",,"en","2008-12-17 20:55:56.0",,,"Inupiaq","95319"
"97545","TRUE",,"en","2008-12-17 20:55:56.0",,,"Ido","95320"
"97546","TRUE",,"en","2008-12-17 20:55:56.0",,,"Icelandic","95321"
"97547","TRUE",,"en","2008-12-17 20:55:56.0",,,"Italian","95322"
"97548","TRUE",,"en","2008-12-17 20:55:56.0",,,"Inuktitut","95323"
"97549","TRUE",,"en","2008-12-17 20:55:56.0",,,"Japanese","95324"
"97550","TRUE",,"en","2008-12-17 20:55:56.0",,,"Javanese","95325"
"97551","TRUE",,"en","2008-12-17 20:55:56.0",,,"Georgian","95326"
"97552","TRUE",,"en","2008-12-17 20:55:56.0",,,"Kongo","95327"
"97553","TRUE",,"en","2008-12-17 20:55:56.0",,,"Kikuyu","95328"
"97554","TRUE",,"en","2008-12-17 20:55:56.0",,,"Kuanyama","95329"
"97555","TRUE",,"en","2008-12-17 20:55:56.0",,,"Kazakh","95330"
"97556","TRUE",,"en","2008-12-17 20:55:56.0",,,"Kalaallisut","95331"
"97557","TRUE",,"en","2008-12-17 20:55:56.0",,,"Central Khmer","95332"
"97558","TRUE",,"en","2008-12-17 20:55:56.0",,,"Kannada","95333"
"97559","TRUE",,"en","2008-12-17 20:55:56.0",,,"Korean","95334"
"97560","TRUE",,"en","2008-12-17 20:55:56.0",,,"Kanuri","95335"
"97561","TRUE",,"en","2008-12-17 20:55:56.0",,,"Kashmiri","95336"
"97562","TRUE",,"en","2008-12-17 20:55:56.0",,,"Kurdish","95337"
"97563","TRUE",,"en","2008-12-17 20:55:56.0",,,"Komi","95338"
"97564","TRUE",,"en","2008-12-17 20:55:56.0",,,"Cornish","95339"
"97565","TRUE",,"en","2008-12-17 20:55:56.0",,,"Kirghiz","95340"
"97566","TRUE",,"en","2008-12-17 20:55:56.0",,,"Latin","95341"
"97567","TRUE",,"en","2008-12-17 20:55:56.0",,,"Luxembourgish","95342"
"97568","TRUE",,"en","2008-12-17 20:55:56.0",,,"Ganda","95343"
"97569","TRUE",,"en","2008-12-17 20:55:56.0",,,"Limburgan","95344"
"97570","TRUE",,"en","2008-12-17 20:55:56.0",,,"Lingala","95345"
"97571","TRUE",,"en","2008-12-17 20:55:56.0",,,"Lao","95346"
"97572","TRUE",,"en","2008-12-17 20:55:56.0",,,"Lithuanian","95347"
"97573","TRUE",,"en","2008-12-17 20:55:56.0",,,"Luba-Katanga","95348"
"97574","TRUE",,"en","2008-12-17 20:55:56.0",,,"Latvian","95349"
"97575","TRUE",,"en","2008-12-17 20:55:56.0",,,"Malagasy","95350"
"97576","TRUE",,"en","2008-12-17 20:55:56.0",,,"Marshallese","95351"
"97577","TRUE",,"en","2008-12-17 20:55:56.0",,,"Maori","95352"
"97578","TRUE",,"en","2008-12-17 20:55:56.0",,,"Macedonian","95353"
"97579","TRUE",,"en","2008-12-17 20:55:56.0",,,"Malayalam","95354"
"97580","TRUE",,"en","2008-12-17 20:55:56.0",,,"Mongolian","95355"
"97581","TRUE",,"en","2008-12-17 20:55:56.0",,,"Marathi","95356"
"97582","TRUE",,"en","2008-12-17 20:55:56.0",,,"Malay (macrolanguage)","95357"
"97583","TRUE",,"en","2008-12-17 20:55:56.0",,,"Maltese","95358"
"97584","TRUE",,"en","2008-12-17 20:55:56.0",,,"Burmese","95359"
"97585","TRUE",,"en","2008-12-17 20:55:56.0",,,"Nauru","95360"
"97586","TRUE",,"en","2008-12-17 20:55:56.0",,,"Norwegian Bokm√•l","95361"
"97587","TRUE",,"en","2008-12-17 20:55:56.0",,,"North Ndebele","95362"
"97588","TRUE",,"en","2008-12-17 20:55:56.0",,,"Nepali","95363"
"97589","TRUE",,"en","2008-12-17 20:55:56.0",,,"Ndonga","95364"
"97590","TRUE",,"en","2008-12-17 20:55:56.0",,,"Dutch","95365"
"97591","TRUE",,"en","2008-12-17 20:55:56.0",,,"Norwegian Nynorsk","95366"
"97592","TRUE",,"en","2008-12-17 20:55:56.0",,,"Norwegian","95367"
"97593","TRUE",,"en","2008-12-17 20:55:56.0",,,"South Ndebele","95368"
"97594","TRUE",,"en","2008-12-17 20:55:56.0",,,"Navajo","95369"
"97595","TRUE",,"en","2008-12-17 20:55:56.0",,,"Nyanja","95370"
"97596","TRUE",,"en","2008-12-17 20:55:56.0",,,"Occitan (post 1500)","95371"
"97597","TRUE",,"en","2008-12-17 20:55:56.0",,,"Ojibwa","95372"
"97598","TRUE",,"en","2008-12-17 20:55:56.0",,,"Oromo","95373"
"97599","TRUE",,"en","2008-12-17 20:55:56.0",,,"Oriya","95374"
"97600","TRUE",,"en","2008-12-17 20:55:56.0",,,"Ossetian","95375"
"97601","TRUE",,"en","2008-12-17 20:55:56.0",,,"Panjabi","95376"
"97602","TRUE",,"en","2008-12-17 20:55:56.0",,,"Pali","95377"
"97603","TRUE",,"en","2008-12-17 20:55:56.0",,,"Polish","95378"
"97604","TRUE",,"en","2008-12-17 20:55:56.0",,,"Pushto","95379"
"97605","TRUE",,"en","2008-12-17 20:55:56.0",,,"Portuguese","95380"
"97606","TRUE",,"en","2008-12-17 20:55:56.0",,,"Quechua","95381"
"97607","TRUE",,"en","2008-12-17 20:55:56.0",,,"Romansh","95382"
"97608","TRUE",,"en","2008-12-17 20:55:56.0",,,"Rundi","95383"
"97609","TRUE",,"en","2008-12-17 20:55:56.0",,,"Romanian","95384"
"97610","TRUE",,"en","2008-12-17 20:55:56.0",,,"Russian","95385"
"97611","TRUE",,"en","2008-12-17 20:55:56.0",,,"Kinyarwanda","95386"
"97612","TRUE",,"en","2008-12-17 20:55:56.0",,,"Sanskrit","95387"
"97613","TRUE",,"en","2008-12-17 20:55:56.0",,,"Sardinian","95388"
"97614","TRUE",,"en","2008-12-17 20:55:56.0",,,"Sindhi","95389"
"97615","TRUE",,"en","2008-12-17 20:55:56.0",,,"Northern Sami","95390"
"97616","TRUE",,"en","2008-12-17 20:55:56.0",,,"Sango","95391"
"97617","TRUE",,"en","2008-12-17 20:55:56.0",,,"Serbo-Croatian","95392"
"97618","TRUE",,"en","2008-12-17 20:55:56.0",,,"Sinhala","95393"
"97619","TRUE",,"en","2008-12-17 20:55:56.0",,,"Slovak","95394"
"97620","TRUE",,"en","2008-12-17 20:55:56.0",,,"Slovenian","95395"
"97621","TRUE",,"en","2008-12-17 20:55:56.0",,,"Samoan","95396"
"97622","TRUE",,"en","2008-12-17 20:55:56.0",,,"Shona","95397"
"97623","TRUE",,"en","2008-12-17 20:55:56.0",,,"Somali","95398"
"97624","TRUE",,"en","2008-12-17 20:55:56.0",,,"Albanian","95399"
"97625","TRUE",,"en","2008-12-17 20:55:56.0",,,"Serbian","95400"
"97626","TRUE",,"en","2008-12-17 20:55:56.0",,,"Swati","95401"
"97627","TRUE",,"en","2008-12-17 20:55:56.0",,,"Southern Sotho","95402"
"97628","TRUE",,"en","2008-12-17 20:55:56.0",,,"Sundanese","95403"
"97629","TRUE",,"en","2008-12-17 20:55:56.0",,,"Swedish","95404"
"97630","TRUE",,"en","2008-12-17 20:55:56.0",,,"Swahili (macrolanguage)","95405"
"97631","TRUE",,"en","2008-12-17 20:55:56.0",,,"Tamil","95406"
"97632","TRUE",,"en","2008-12-17 20:55:56.0",,,"Telugu","95407"
"97633","TRUE",,"en","2008-12-17 20:55:56.0",,,"Tajik","95408"
"97634","TRUE",,"en","2008-12-17 20:55:56.0",,,"Thai","95409"
"97635","TRUE",,"en","2008-12-17 20:55:56.0",,,"Tigrinya","95410"
"97636","TRUE",,"en","2008-12-17 20:55:56.0",,,"Turkmen","95411"
"97637","TRUE",,"en","2008-12-17 20:55:56.0",,,"Tagalog","95412"
"97638","TRUE",,"en","2008-12-17 20:55:56.0",,,"Tswana","95413"
"97639","TRUE",,"en","2008-12-17 20:55:56.0",,,"Tonga (Tonga Islands)","95414"
"97640","TRUE",,"en","2008-12-17 20:55:56.0",,,"Turkish","95415"
"97641","TRUE",,"en","2008-12-17 20:55:56.0",,,"Tsonga","95416"
"97642","TRUE",,"en","2008-12-17 20:55:56.0",,,"Tatar","95417"
"97643","TRUE",,"en","2008-12-17 20:55:56.0",,,"Twi","95418"
"97644","TRUE",,"en","2008-12-17 20:55:56.0",,,"Tahitian","95419"
"97645","TRUE",,"en","2008-12-17 20:55:56.0",,,"Uighur","95420"
"97646","TRUE",,"en","2008-12-17 20:55:56.0",,,"Ukrainian","95421"
"97647","TRUE",,"en","2008-12-17 20:55:56.0",,,"Urdu","95422"
"97648","TRUE",,"en","2008-12-17 20:55:56.0",,,"Uzbek","95423"
"97649","TRUE",,"en","2008-12-17 20:55:56.0",,,"Venda","95424"
"97650","TRUE",,"en","2008-12-17 20:55:56.0",,,"Vietnamese","95425"
"97651","TRUE",,"en","2008-12-17 20:55:56.0",,,"Volap√ºk","95426"
"97652","TRUE",,"en","2008-12-17 20:55:56.0",,,"Walloon","95427"
"97653","TRUE",,"en","2008-12-17 20:55:56.0",,,"Wolof","95428"
"97654","TRUE",,"en","2008-12-17 20:55:56.0",,,"Xhosa","95429"
"97655","TRUE",,"en","2008-12-17 20:55:56.0",,,"Yiddish","95430"
"97656","TRUE",,"en","2008-12-17 20:55:56.0",,,"Yoruba","95431"
"97657","TRUE",,"en","2008-12-17 20:55:56.0",,,"Zhuang","95432"
"97658","TRUE",,"en","2008-12-17 20:55:56.0",,,"Chinese","95433"
"97659","TRUE",,"en","2008-12-17 20:55:56.0",,,"Zulu","95434"
"97090","TRUE",,"en","2008-12-17 20:54:28.0",,,"ANDORRA","94865"
"97091","TRUE",,"en","2008-12-17 20:54:28.0",,,"UNITED ARAB EMIRATES","94866"
"97092","TRUE",,"en","2008-12-17 20:54:28.0",,,"AFGHANISTAN","94867"
"97093","TRUE",,"en","2008-12-17 20:54:28.0",,,"ANTIGUA AND BARBUDA","94868"
"97094","TRUE",,"en","2008-12-17 20:54:28.0",,,"ANGUILLA","94869"
"97095","TRUE",,"en","2008-12-17 20:54:28.0",,,"ALBANIA","94870"
"97096","TRUE",,"en","2008-12-17 20:54:28.0",,,"ARMENIA","94871"
"97097","TRUE",,"en","2008-12-17 20:54:28.0",,,"NETHERLANDS ANTILLES","94872"
"97098","TRUE",,"en","2008-12-17 20:54:28.0",,,"ANGOLA","94873"
"97099","TRUE",,"en","2008-12-17 20:54:28.0",,,"ANTARCTICA","94874"
"97100","TRUE",,"en","2008-12-17 20:54:28.0",,,"ARGENTINA","94875"
"97101","TRUE",,"en","2008-12-17 20:54:28.0",,,"AMERICAN SAMOA","94876"
"97102","TRUE",,"en","2008-12-17 20:54:28.0",,,"AUSTRIA","94877"
"97103","TRUE",,"en","2008-12-17 20:54:28.0",,,"AUSTRALIA","94878"
"97288","TRUE",,"en","2008-12-17 20:54:28.0",,,"SVALBARD AND JAN MAYEN","95063"
"97289","TRUE",,"en","2008-12-17 20:54:28.0",,,"SLOVAKIA","95064"
"97290","TRUE",,"en","2008-12-17 20:54:28.0",,,"SIERRA LEONE","95065"
"97291","TRUE",,"en","2008-12-17 20:54:28.0",,,"SAN MARINO","95066"
"97292","TRUE",,"en","2008-12-17 20:54:28.0",,,"SENEGAL","95067"
"97293","TRUE",,"en","2008-12-17 20:54:28.0",,,"SOMALIA","95068"
"97294","TRUE",,"en","2008-12-17 20:54:28.0",,,"SURINAME","95069"
"97295","TRUE",,"en","2008-12-17 20:54:28.0",,,"SAO TOME AND PRINCIPE","95070"
"97296","TRUE",,"en","2008-12-17 20:54:28.0",,,"EL SALVADOR","95071"
"97297","TRUE",,"en","2008-12-17 20:54:28.0",,,"SYRIAN ARAB REPUBLIC","95072"
"97298","TRUE",,"en","2008-12-17 20:54:28.0",,,"SWAZILAND","95073"
"97299","TRUE",,"en","2008-12-17 20:54:28.0",,,"TURKS AND CAICOS ISLANDS","95074"
"97300","TRUE",,"en","2008-12-17 20:54:28.0",,,"CHAD","95075"
"97301","TRUE",,"en","2008-12-17 20:54:28.0",,,"FRENCH SOUTHERN TERRITORIES","95076"
"97302","TRUE",,"en","2008-12-17 20:54:28.0",,,"TOGO","95077"
"97303","TRUE",,"en","2008-12-17 20:54:28.0",,,"THAILAND","95078"
"97304","TRUE",,"en","2008-12-17 20:54:28.0",,,"TAJIKISTAN","95079"
"97305","TRUE",,"en","2008-12-17 20:54:28.0",,,"TOKELAU","95080"
"97306","TRUE",,"en","2008-12-17 20:54:28.0",,,"TIMOR-LESTE","95081"
"97307","TRUE",,"en","2008-12-17 20:54:28.0",,,"TURKMENISTAN","95082"
"97308","TRUE",,"en","2008-12-17 20:54:28.0",,,"TUNISIA","95083"
"97309","TRUE",,"en","2008-12-17 20:54:28.0",,,"TONGA","95084"
"97310","TRUE",,"en","2008-12-17 20:54:28.0",,,"TURKEY","95085"
"97311","TRUE",,"en","2008-12-17 20:54:28.0",,,"TRINIDAD AND TOBAGO","95086"
"97312","TRUE",,"en","2008-12-17 20:54:28.0",,,"TUVALU","95087"
"97313","TRUE",,"en","2008-12-17 20:54:28.0",,,"TAIWAN, PROVINCE OF CHINA","95088"
"97314","TRUE",,"en","2008-12-17 20:54:28.0",,,"TANZANIA, UNITED REPUBLIC OF","95089"
"97315","TRUE",,"en","2008-12-17 20:54:28.0",,,"UKRAINE","95090"
"97316","TRUE",,"en","2008-12-17 20:54:28.0",,,"UGANDA","95091"
"97317","TRUE",,"en","2008-12-17 20:54:28.0",,,"UNITED STATES MINOR OUTLYING ISLANDS","95092"
"97318","TRUE",,"en","2008-12-17 20:54:28.0",,,"UNITED STATES","95093"
"97319","TRUE",,"en","2008-12-17 20:54:28.0",,,"URUGUAY","95094"
"97320","TRUE",,"en","2008-12-17 20:54:28.0",,,"UZBEKISTAN","95095"
"97321","TRUE",,"en","2008-12-17 20:54:28.0",,,"VATICAN CITY STATE (HOLY SEE)","95096"
"97322","TRUE",,"en","2008-12-17 20:54:28.0",,,"SAINT VINCENT AND THE GRENADINES","95097"
"97323","TRUE",,"en","2008-12-17 20:54:28.0",,,"VENEZUELA","95098"
"97324","TRUE",,"en","2008-12-17 20:54:28.0",,,"VIRGIN ISLANDS (BRITISH)","95099"
"97325","TRUE",,"en","2008-12-17 20:54:28.0",,,"VIRGIN ISLANDS (U.S.)","95100"
"97326","TRUE",,"en","2008-12-17 20:54:28.0",,,"VIET NAM","95101"
"97327","TRUE",,"en","2008-12-17 20:54:28.0",,,"VANUATU","95102"
"97328","TRUE",,"en","2008-12-17 20:54:28.0",,,"WALLIS AND FUTUNA","95103"
"97329","TRUE",,"en","2008-12-17 20:54:28.0",,,"SAMOA","95104"
"97330","TRUE",,"en","2008-12-17 20:54:28.0",,,"YEMEN","95105"
"97331","TRUE",,"en","2008-12-17 20:54:28.0",,,"MAYOTTE","95106"
"97332","TRUE",,"en","2008-12-17 20:54:28.0",,,"YUGOSLAVIA","95107"
"97333","TRUE",,"en","2008-12-17 20:54:28.0",,,"SOUTH AFRICA","95108"
"97334","TRUE",,"en","2008-12-17 20:54:28.0",,,"ZAMBIA","95109"
"97335","TRUE",,"en","2008-12-17 20:54:28.0",,,"ZIMBABWE","95110"
"97336","TRUE",,"en","2008-12-17 20:54:28.0",,,"Preserved Specimen","95111"
"97337","TRUE",,"en","2008-12-17 20:54:28.0",,,"Fossil Specimen","95112"
"97338","TRUE",,"en","2008-12-17 20:54:28.0",,,"Living Specimen","95113"
"97339","TRUE",,"en","2008-12-17 20:54:28.0",,,"Human Observation","95114"
"97340","TRUE",,"en","2008-12-17 20:54:28.0",,,"Machine Observation","95115"
"97341","TRUE",,"en","2008-12-17 20:54:28.0",,,"Still Image","95116"
"97342","TRUE",,"en","2008-12-17 20:54:28.0",,,"Moving Image","95117"
"97343","TRUE",,"en","2008-12-17 20:54:28.0",,,"Sound","95118"
"97344","TRUE",,"en","2008-12-17 20:54:28.0",,,"Physical Object","95119"
"97345","TRUE",,"en","2008-12-17 20:54:28.0",,,"ICBN","95120"
"97346","TRUE",,"en","2008-12-17 20:54:28.0",,,"ICZN","95121"
"97347","TRUE",,"en","2008-12-17 20:54:28.0",,,"BC","95122"
"97348","TRUE",,"en","2008-12-17 20:54:28.0",,,"ICNCP","95123"
"97349","TRUE",,"en","2008-12-17 20:54:28.0",,,"BioCode","95124"
"97350","TRUE",,"en","2008-10-12 23:44:52.0",,,"kingdom","95125"
"97351","TRUE",,"en","2008-10-12 23:44:53.0",,,"phylum","95126"
